places,7z7dXts3aC,TlHUDWKomQ,Ms3YVyrHDY,PnYqb1eVNN,ZepZnkJ1xb,kCUyw2g5hJ,I5L0G6McQv,AAw378nAWm,UgeHPjP3KW,R3hFaRnYlw,wIgfXlA2PJ,nck94CG0VE,zhJ1YTgzve,CiQUtsBqDh,uHqzgzWyWa
RikovbyDNm,1,1,1,1,0,1,1,1,1,0,1,0,0,0,1
jsBHY6yy0H,1,1,1,1,1,0,0,1,0,1,1,0,1,1,1
WkXldk0zqP,1,0,0,1,1,1,1,1,0,0,1,1,0,1,0
6vwlMUoQHC,1,1,1,0,1,1,0,1,0,1,1,1,1,0,0
qzknzFsH7g,1,0,1,0,0,0,1,1,0,1,1,0,1,1,1
4PWS5AlhBS,1,0,1,1,0,0,0,1,1,0,1,1,1,1,0
AhoMtdIvVQ,0,1,0,0,0,0,1,1,1,1,0,1,0,1,0
67G7wVmxiH,1,0,1,1,0,1,1,0,0,1,1,1,0,0,1
tgbWcG5bcP,0,0,0,0,1,1,1,0,1,1,1,0,1,1,0
sx23GQkGS9,0,1,0,1,1,1,0,1,0,1,1,0,0,1,0
uCg01ne0rU,1,0,0,1,0,0,1,1,0,1,1,0,0,1,0
mqTLx15zKL,0,0,1,1,1,1,1,0,1,1,1,1,1,1,0
olBnrE0XAv,1,1,0,1,1,0,1,1,0,1,1,0,1,0,1
hIAC9EYb18,1,1,1,0,1,1,0,0,1,0,0,1,1,1,1
zYeJ9hXCmV,1,0,0,0,1,1,1,1,0,1,0,1,1,1,1
hlmD7YXRSZ,1,0,0,1,0,1,0,0,0,0,1,0,0,1,1
dFXSLkA5GH,1,1,1,1,1,1,0,0,1,0,0,1,0,0,0
FRzeo68LSt,1,1,0,0,1,0,1,0,1,0,0,1,1,0,1
7MZDYdeQ90,0,1,1,0,0,1,1,1,1,0,1,1,0,0,1
ar0HuYZEJq,1,1,0,0,1,1,0,1,0,0,0,1,0,1,0
t4JVRsh7F2,0,1,1,1,0,0,1,1,1,1,0,1,1,1,1
uocGLUaNid,0,1,1,0,1,0,0,0,1,1,0,0,1,1,1
uPDdTM1vjO,1,1,0,0,0,0,1,1,1,0,0,0,0,1,1
HpJkHNZ5u8,0,1,1,0,1,0,0,0,0,1,1,1,1,1,1
nz1YWNPJHA,1,0,0,1,1,1,1,1,1,0,1,1,0,1,0
hCOeNgcDVU,0,0,1,1,0,1,1,1,1,0,0,1,1,1,1
gnnVYOd2Vx,1,1,0,1,1,0,0,0,0,1,1,1,0,0,0
i3LndVCgud,0,1,1,0,0,0,1,0,1,1,0,1,1,1,1
NzPSN7A2aa,1,1,1,0,1,0,1,1,0,0,0,0,1,1,0
1znr7xjJmc,1,1,1,1,0,1,1,0,1,1,1,0,0,0,0
zpbaAHJPh3,0,1,1,1,0,1,1,0,1,0,1,1,1,1,1
reTyTA1JlH,1,0,0,1,0,0,1,1,0,1,1,0,1,0,1
Iu8Kqcbq9M,0,1,1,0,0,1,1,0,1,0,0,1,1,1,1
qFnXU8tVmq,0,0,1,1,1,1,1,1,1,0,1,1,0,1,1
7rzHCPMaMn,1,1,0,0,1,0,1,1,0,0,1,0,1,1,1
60aXlIln71,1,1,0,0,0,1,1,1,1,1,0,1,1,1,1
tHtbefDJ6o,0,1,0,1,1,1,0,1,0,1,0,0,1,0,0
N6CgzqclRR,1,0,1,1,0,0,1,1,0,0,0,0,1,1,1
MHXR6u2JJQ,0,1,1,1,0,1,1,1,1,0,1,1,1,1,0
WXt6KBXtIF,1,0,0,1,1,0,1,0,1,1,1,0,1,1,0
HuadGVieXe,1,0,1,1,0,0,1,0,1,1,0,1,1,0,1
6GDrn0l3nd,1,0,1,0,0,1,1,0,0,1,0,0,1,0,1
SbrxQe0Y7u,1,0,1,1,1,0,1,1,1,1,1,1,1,0,1
DMMb9IhAew,0,1,0,1,0,0,1,0,0,0,0,1,1,0,0
kMyV93ysyk,1,0,0,1,1,1,1,1,1,0,0,1,1,1,0
HBa1yXo31Z,1,1,1,1,1,0,0,1,1,0,1,1,1,0,0
XFwBIOBqFk,1,1,1,0,1,1,0,1,0,1,0,1,0,1,1
7a0cDFsv8P,1,1,1,1,1,1,1,1,1,0,1,0,1,1,0
sZJTdHPQEG,1,0,1,1,0,0,1,1,1,1,0,0,0,1,1
CMmwPQEuwD,0,0,1,0,1,1,0,1,0,1,1,0,1,0,0
1a7o93N171,1,1,1,0,0,1,0,0,0,0,0,1,0,1,1
z2Xwml9PqV,0,0,0,0,1,1,1,0,1,1,1,1,1,1,0
6oo32HUEgT,1,1,0,0,0,1,0,1,1,1,1,1,1,0,0
NKqrZHcwOK,1,1,1,0,0,1,0,1,1,1,1,1,0,1,1
2roHEcjYRG,0,0,1,1,1,1,0,1,0,1,1,1,1,0,1
O7pO1kcNPa,0,0,0,1,1,0,1,1,0,1,0,1,1,0,1
kGqDgwqvOs,0,0,1,1,1,1,1,0,1,1,0,0,1,1,1
CTx0UwvcUT,1,1,1,1,1,1,1,1,0,1,0,1,0,0,0
lfbqwdy2Dv,1,1,1,0,1,0,0,0,1,0,1,1,0,0,1
CHFk6CCry5,0,1,1,0,0,1,0,1,1,1,0,1,1,0,1
B7LNsbs2UD,0,1,1,1,1,0,1,1,0,1,1,1,1,0,1
V04masGKPI,0,1,0,1,0,1,1,1,1,1,1,1,0,1,1
FpGYTCEEf0,0,0,0,1,1,1,0,0,1,1,1,1,1,1,0
0m7LCaGjm8,1,1,0,1,1,0,0,0,1,1,0,1,1,0,1
XYtnuOvOrU,1,1,1,1,0,1,1,1,0,1,1,1,1,1,1
jJRCxHEqX8,0,1,0,0,0,1,0,0,1,0,1,0,0,1,0
hirY8yQH2A,0,0,0,1,1,1,0,1,1,1,1,0,0,1,0
BJFFmfmq3V,0,0,1,1,1,1,1,0,1,0,1,1,0,0,1
xrsUlaiLut,1,0,1,1,1,1,1,0,1,1,1,0,0,0,0
fh57eEk2C8,0,1,1,0,1,1,0,0,1,0,0,1,1,1,1
t6WNqDjjES,0,0,1,1,1,0,0,1,1,0,1,0,0,1,0
yOTDvpqdsP,1,1,1,1,1,1,1,0,1,1,1,0,0,0,1
oYozICIEez,1,1,0,1,1,0,0,0,0,0,0,0,0,1,1
uWnJDy7xKr,1,1,1,0,1,1,0,1,1,1,1,0,0,1,0
kjWjnoqEvf,1,1,0,0,1,0,0,1,0,1,1,0,1,0,1
